{
  "submarines": [
    {
      "id": 101,
      "name": "Yadranka",
      "regNumber": "MN-400",
      "countryOfReg": "Montenegro",
      "maxCrewNumber": 4,
      "maxDepthInMeters": 550,
      "completedExpeditionsCount": 11,
      "score": 5,
      "rating": "Excellent",
      "location": {
        "sea": "Adriatic",
        "coordinates": {
          "lat": 213.232323,
          "lng": 133.333213
        },
        "currentDepthInMeters": 301
      }
    },
    {
      "id": 222,
      "name": "Grky",
      "regNumber": "GR-500",
      "countryOfReg": "Greece",
      "maxCrewNumber": 5,
      "maxDepthInMeters": 800,
      "completedExpeditionsCount": 9,
      "score": 4.4,
      "rating": "Good",
      "location": {
        "sea": "Ionian",
        "coordinates": {
          "lat": 290.247033,
          "lng": 290.142135
        },
        "currentDepthInMeters": 653
      }
    },
    {
      "id": 330,
      "name": "Bvgari",
      "regNumber": "BG-300",
      "countryOfReg": "Bulgaria",
      "maxCrewNumber": 3,
      "maxDepthInMeters": 250,
      "completedExpeditionsCount": 15,
      "score": 2.8,
      "rating": "Average",
      "location": {
        "sea": "Black",
        "coordinates": {
          "lat": 550.213033,
          "lng": 100.856925
        },
        "currentDepthInMeters": 237
      }
    },
    {
      "id": 404,
      "name": "Medis",
      "regNumber": "TR-300",
      "countryOfReg": "Turkey",
      "maxCrewNumber": 3,
      "maxDepthInMeters": 450,
      "completedExpeditionsCount": 15,
      "score": 1.2,
      "rating": "Poor",
      "location": {
        "sea": "Mediterranean",
        "coordinates": {
          "lat": 310.213033,
          "lng": 366.856925
        },
        "currentDepthInMeters": 407
      }
    },
    {
      "id": 131,
      "name": "Talyc",
      "regNumber": "IT-450",
      "countryOfReg": "Italy",
      "maxCrewNumber": 7,
      "maxDepthInMeters": 450,
      "completedExpeditionsCount": 13,
      "score": 4.4,
      "rating": "Good",
      "location": {
        "sea": "Tirreno",
        "coordinates": {
          "lat": 53.232323,
          "lng": 239.333213
        },
        "currentDepthInMeters": 313
      }
    },
    {
      "id": 444,
      "name": "Tuna",
      "regNumber": "TU-300",
      "countryOfReg": "Tunisia",
      "maxCrewNumber": 2,
      "maxDepthInMeters": 150,
      "completedExpeditionsCount": 15,
      "score": 2.4,
      "rating": "Bad",
      "location": {
        "sea": "Mediterranean",
        "coordinates": {
          "lat": 110.213033,
          "lng": 370.856925
        },
        "currentDepthInMeters": 78
      }
    },
    {
      "id": 181,
      "name": "Aegis",
      "regNumber": "GR-450",
      "countryOfReg": "Greece",
      "maxCrewNumber": 7,
      "maxDepthInMeters": 250,
      "completedExpeditionsCount": 13,
      "score": 4.4,
      "rating": "Good",
      "location": {
        "sea": "Aegean",
        "coordinates": {
          "lat": 399.232323,
          "lng": 230.333213
        },
        "currentDepthInMeters": 353
      }
    },
    {
      "id": 191,
      "name": "Cipy",
      "regNumber": "CP-450",
      "countryOfReg": "Cyprus",
      "maxCrewNumber": 7,
      "maxDepthInMeters": 250,
      "completedExpeditionsCount": 13,
      "score": 3.5,
      "rating": "Good",
      "location": {
        "sea": "Mediterranean",
        "coordinates": {
          "lat": 510.332323,
          "lng": 360.333213
        },
        "currentDepthInMeters": 353
      }
    }
  ]
}